longitude,lastname,username,email,password,firstname,gender,latitude,age
0,Fraser,CherylFxHPKywAacO,CherylFraserCherylFxHPKywAacO@gmail.com,fUFiUhOuqv,Cheryl,female,0,39
0,Craig,GraceCTBXoTKBlXK,GraceCraigGraceCTBXoTKBlXK@gmail.com,uXkbFkmsgo,Grace,female,0,25
0,Leon,CameronLTnarCyxUjw,CameronLeonCameronLTnarCyxUjw@gmail.com,YcYAjfBJrD,Cameron,male,0,59
0,Donald,CallumDlnhTsOgprd,CallumDonaldCallumDlnhTsOgprd@gmail.com,QQSuazYcMd,Callum,male,0,54
0,Emma,EwanEPOEtgbUVxH,EwanEmmaEwanEPOEtgbUVxH@gmail.com,TRDTSLpXmY,Ewan,female,0,46
0,Brodie,JenniferBEmzwZgJifQ,JenniferBrodieJenniferBEmzwZgJifQ@gmail.com,UeMDfvwwyW,Jennifer,male,0,41
0,Melanie,LauraMpfCVOrSMkz,LauraMelanieLauraMpfCVOrSMkz@gmail.com,bTtJovUxxU,Laura,male,0,35
0,Ewan,RoderickEbsrvqkzGhi,RoderickEwanRoderickEbsrvqkzGhi@gmail.com,QnWmeuzFku,Roderick,male,0,30
0,Brooke,AnthonyBQZCvEMeKdS,AnthonyBrookeAnthonyBQZCvEMeKdS@gmail.com,GOiiikcLdW,Anthony,male,0,63
0,Alasdair,EmilyAVoOlRgLfwK,EmilyAlasdairEmilyAVoOlRgLfwK@gmail.com,tSubkfHVRl,Emily,male,0,36
