username,authentication_token
GregDkCrNNZmGrb,CfDJ8FwTlysnnFlJkt_BSemLz97lqHZCTLjnNkj0TF79NORhL_lfIA_6Yjcz-0t6NfCYm0hdSXzGqlBqMwHVOX6ZVw1RvLlnW8yiAo9I-u270VPmIQI5eiCGwDAMDWM8ggOLKSDbvVH3GhfnSiHBEItCX9I3qWYESiqrQDkEomIy0eBiR3fo5BoxEBg7hiDesS0n-DL8Y0MN3Id5OeM5vKIsNkWCNrzxIn76bTXui4RWzPOP-rVfdw24sOAbXte834XCNBwKYnjVodtJW9mLMlKqxY1LdVOV0kfLaPnw_eM8_ZNvTeCYqS4QaUIdhEKKpXX53Xtc_vHBgFZDo7HzvLUCpU7cCUicXveD-im68zNs8YX5jeTwj_QvCgYZEJTKrqXm_6yAuuozIhN4MNUk2kMhBjNnV6EpkzkD5r7alTz6sq4R_PJ02uLuvdLAuofhCvzZvolkVYICCkv6COeOQwC6yz06z2jyruoJczIdodaLk6CG2coBKVGH3qtb9W-bRCo1iXWw5sOaTJZOYdTfVjvbgtUQKcf7IvgPcjOwf2mtI4iW9hqzEBwuJmVzkouMgVcOt3iw0w_hsgvGeQMa10T4Yokd_gAgMb1xBkr1ie_GzkP0G6Iug0YQP6oBbI5SyZLFdnFo0HI_M8Nv4_cEF3yLmMObKZSYmkOoFh45ywRlY_QkPhUopMHk-IvkHmspRmeSMXmDJVMMSVPUx49l3H4OjR5HMrp0uMIh5Suvcl10qb3yjsFUqOopWsWxRRcXV2hfcLwfXeSX_skn2aV9wq9-yXcbmcPMedOPyhMeKEupcfJAz5-8Wtvv-fD04jgSE3RhPKOW3AbZSzOPazatNS3dKJthtM0_sLIdzt6F0TKsECaTRG9C-S-ktigYBp5xSMEUrQ
OrlaECfzPQDOpcU,CfDJ8FwTlysnnFlJkt_BSemLz97QUEz1jxEt99HIn5fu6fDr6ftwGy0jnTV5pDaG2N9m5Rq9nqfDXSmgSJhfTPma0GKF-HMxm3noCBk-pGhQ2ncRCqkhPMA_pj8GTFihv0iW-FyNpnRBxMVwckb_fNmoIaKluYdyuaeUhTKcsoitty_8OIuw4MEG4CnwE3UMxLsswmmvK7_MMCtUKIFKg5C6MRQjJTMyC1I_4ezoKEUBTUIpPSVw5jtgKtnRFnSt87isl4SY3c66FWtUl6zgfsU7Dk7vQ5HhPq9pTlFPC4Hkms33jJ68prV8kn0hymCLUp2VvRCS6R24iK7VApAUIw7Pjh7-f8Ygbz3SWp6S0wyhOEZcpswVVPhpazOxxqw021PVF3Bq5fEGAEtqPyvuqOdYyJbI91O5OMZrwStvGJpJ_6_ILjFE6HkLkvpRXwcQJw3MEHYTSYPMnTW8Dd_c1OLsjGnDjfmFWO1bXZbrsLM3SegQyDyhE5lI8DLS4KA2oiuvugDW-MNsn3ublVqe0uO9haoRH3qBHOqImy1Bpg08MvWjSxlKWzltbH55UAHxB7xlMnR-20B0gu0m5ssWSlUBqV5E949l0r-Pr04M2izNdjMzAMW8tIekZo-c7ZA3IiZSVlIRHb6rz27xXaxj30nUoV5g8aMJ1XMMZd3t7qcmEVvkszZPb1ynptI08uZJjmWQfDRNQp3_6Rh93IFClEfi-jLExkUWbpHcUflbG741DtJ3TCAXW7iZNo7MsMlmvFGR3ltmC5sdoTI9oNrJ1N-oEbkmGYyNOfZkv1KiELVRGCXPs-hlixyiBTSsepNFMwX6Q8Rl49Zty0NjIu2KBS-lEXUt3Fl9IU3FMEH25elGsksk8lOYgo9FHwgXzUSUyTEq5A
HarryOuZKVjOfJMf,CfDJ8FwTlysnnFlJkt_BSemLz95Q33N2illLBK7iiHP5JBCnNVM5eUGT6pdgHfzaUUCYJ1ChHk31PD1pY6-vKEVAvxGQmpF2fCklLjIWLdbpuaumIoO4OhTeP5XPeR9MVKy8IK6q461DcmPHfC9XSk-fAqxadbUeQFjrPFvJzP1ywC2OIGFyH2zj71IVsJ9AVOX0IdatFxMzgw9v_2nXRx9G5x3rJXuRIGVp4vct-1P7JYN2ON6PlppfnYdkh7xwrJhNJvWQzWQng3eGShXJGV-YkYI0fjkd9ulV8nKjJ3ShzhmQ7XiK8pcZGiEGGIACG160n1eVXp1O8TZLEmcv8gTwLxcqek54C9IeCxq6RVu7o5UuXH86W5NNOGW0AneeQMshCRqpxmI03vntrMtHPHAA_1hvNUbqZv3fcLMv4sE3ny5jP9ppd3B_tolUQW6pGnV6NsjEV994Df-igjjSNDZ26vc648KHhcW38hrmG0UFheFT7p0jpjOkn7OkIczof-Qnslaa_iLshl7a18DwTes-zrcsM8ITLBeVQ9ULvIRmVnQJtMXJ_rZDLjEiGuxUDSpVA3Km2RfhQY4mFQz7wKPtg3BA1gTNrnDzqwI6iKPxCDPTYH2Js2xrB_sFkdF8yI0RnyJpzHB5akTZZapHWDU_SkIprYWY6XXYUtKcoAEMeD4fzWoYVyzAp1eU-GXydvcoORBFBaZGKkqr_oiQ2TIbB1DvTqqhUU38wg0acu8vVfHmup_Pr9tbcATaYi3sCZtsiT5_jPk7lCTNux6Yzh-woiHqzScc5DAh5bPIheeXlmLCLJhyxPlOhipmysW7a1rh4fyhSovP7lQT4Sv-x1qGdBrnrTX_L1ajViTaBstrEfPx3LffE7Kakc30rUYqvWr_yA
NeilMceRMODzrvI,CfDJ8FwTlysnnFlJkt_BSemLz976CvOu1Q4QSdB_3FvXRdcA5FkO7-Fmwm3ztAzEw3fnZXkxDJMq14NYRonK-eLjIC8E8tzonLj_yc3qROeCruYFW6wjhcTdTsUvJ79kalQQqdR_vh7aI5BKqkzI0ENouTw58iUwqPia1VWilS6lZorjd1B2usvtptNru6hp6QtZ54d_JKqrw3ItdD49ejw7KwYphojq2VF3Ia-YHL9jDu5HksiyhKEEDcZtVa7d141vpVeqOd0I74Xk4YRxiThaHANDSdv_1Tyum03PTEAG4JYcIVI77riLq8Tcc2QnohNzTyB4S3d8DMy0bvkVbywHOQOA5CSKCrXOTq4RsryO_1U8m4zoKizRYNldraTMN72sONKxorEMGFyE0j7u-9060GSVMpuNcRGxJnnWySAGCSX6aQBvsWeTJ9Nv_jPyOrcqSIif4ok9h7w6WhF_-NbiruBJZjH7DcCbOMhpKzrneeivYc8ul7tP3CxG89qVcoPPmCxVI5hNLfskU0o04eXjMtCwvf6zErzuFXBppJZJNECA3DWmFX1QDDnOTu2yxi4HauXVUmfx_I_qCEIVUi6JQ8pR1FaKuuYd2pqMW6-VS5iORikS_8xKCT_px_LY1G148LXucNs-eNTBwycEYpyga01uSwhuFM8M32P64vig3J912RwFKXi-hYOOFvQd3MqvmO6Jp-w5NsyImRvZd7rWh-CbGW-B8PIxobZOhwaF6wUHTMC69CLpud3cK2YnD2x08Ye1TUgz0XElTjsnlP10TLvZwIjEQ3TiZEbSl3LiIzu8iJ2Wk7bsgoOO-unde8NiN4efJIG8YH2yyM-igWOYgR1l6T1ZBWv2Vkq85OX3HJAAeOsjptb7IYzhFt2NkWZ3iw
EilidhEACVUbMcGeo,CfDJ8FwTlysnnFlJkt_BSemLz97NVllAb8LjZg5d4cwMUgvR_ahAhAq2tyY8_51xfNSiOj2NzWbR87l0Gp1gSBqH6gmJuggHWu3sRmPlCOvlE68uBZYxoTaaz_fTRMwedr2xT9etbZ8W-I8J0rE9G41WsbnvmQJir08pM0mIIe0A0Kz-EicoYrJvwsR4QsvIeryE2_I3WFQkebAOXMZG4oHQzSfupnFY0BrE-l8B6UO8AiWoppri-RBidhTdn1YpCffwkoMTb5U5U0dj5JJnoj6K334l1C-poGoA7trj1-GJU_qE78ExYonAXUFMwNagiI1vnifHGQLxeLhCnsTRDZjWG3FhEj-t8qpz8u37MCL2AeYjOtlRj2OXmHrdtSGGjF-ukh06UoQKCVgw8TVw9h_g6MZv7qgmlviSVk6ln-3P0isqnBRQj4x7ZG1UxD3RvYHfQH9OfkSAEseHT_QKB8tdtPE_a1COmtCzbS2sTnmEP9LvMiW_67UubZxC3DxLvxonGmo2ck4hAYFP-4o3_wheFCiHWHJFEdlgacFAELu-oBdI-3P9-tjTD_LURVa1rNaIHx8XeE6-yCRWz8fyNZRuYkQxBJAJJPIq9CNxnoeN2AHHfSuKyoj20a-VwNC0gB7HKwllONxhGS1Qs7qy33L8sC5oseo1vMSpiUC-f30wtJ22RLNCZZO3GB9d4iN-lxIfXwknU51TTxF1uVxs6p7fLB2Pk-O5EPlb-RFKLSRDfK-DBt_8CTbnKtHH6nVYwlE9VZsz1Byu2fbB-cOizxTWmO41ChFJYFspMIdo9II-_BC5vVC9L6VaM2_5bdDrAUbLnV5nJL0p7qxq5Txm7HsH48l2x4MPyMfoheKT8M0USnJ82F4XlL4g9LDd-ek0PfAHQA
SofiaLNrzLDLzNtl,CfDJ8FwTlysnnFlJkt_BSemLz94AZp1YCScJaz07Sff7v5hYyiCB-4q7JE4HJdPLSdhKK032UIbzlTnTZABJwhGnObM5dGqcPcpGTPDojy66Sviz38qUXdTG6jw7fLu1qAigVQ3m6uaf9BuDLDATDkpQBsEHCxdJmkcUhTJTXti-XqjobKdrF7UNwXD-jsuQgM7hwcuUK_K0cwATcwcgeHNiEl87sBLixALSchja3FBr30kcVCm3zjfDvlHLheDyhvwJmi3DOrpn6On_YOcXOuKC8nBpOfZoTaeDBkOAI3-1bweKWN3nZ-ac1oBf5D8XktKb3vrXrBUmnRQoCWlqaQxyvg8QkNYNib_JIrkrVqi7keiY17dV_reiz8KmWoEZBY_QX5zJw8EKLpjnnF0OSlWw2yJIPqfiNcCbeKwnr2ie_yvzRXWmqZe92YNGVcK_WSbRaITAAgJo8OL5idodp4a-DrZeJOmmzALgDJBjZFBJRRidDZC4zJbqp5BvHo6n949UimxEGfC6-Ko68OZgECuIYGycH0v3TbFIlH2B0kOXvbJPL7UklPX8Gho30Yi5cADJ6b0nGcbr0bj5qFTiH-gQX3eH1B0na1_bhzSt4H_wkfdeHjyHLy-owYw9c8TL_TQhqwrgsLxNbIlbeXmCBCqkhg8siPQ_Q3HalkW9Lw33hwcL7npE4Be5HoDwl-TF803bQZ-poPw7bOc86PQ6RZ59wpnCY2K9A4fWPgUzNEOfAOt9F8UIQJlE5DsA2WtDlWOODs7X_3S-SrD7YDosehcizi-HBJfKUlDbhDSzhCSRrTRUkuqPLnOqJsmQp1rHzu9-rVfy4HCgRTA0Ae1NX2WHnXhaVoJLWxxaR9Ez4wBWsnWzBGfAN-DisapseqRFSdpRwA
TaylorROhZhvYFPGY,CfDJ8FwTlysnnFlJkt_BSemLz94TlbS9JTXEJy2SLXnHsaZfdWAdCBgfCJHmPOK1esbmH4znideupc-TdJRN-qHVo8V_jnAA1Oz8RqEXWCDKBakdwv3dTT4CNenYHMRwWGrvVCzoMOidZw1omILIkU3mLnEzCTWIZumZVztR_nrCog2nrX9qApKqnS2UkAcuto6RZyJ58a96a6ZYZoOi4DxlkEsbQLnomBeij-81IMAQCnrap0zHX1XoYCbaix7p9BofnTwLIHoyqoeozLE5Bt5LGM7Nn72NlLBMlAIr3uPwuPAFfilZRdNBJKz2ypfsFI3oP6lRMYHyR4aMLri8LSxU3lw5NbCEN-jp-lhcrxa8lB4CjFSSGORsvj2UhFuiLRTa1g9_AjEcpyG_tKYwnWql5oJjQJQRJ7ZHmsUK83PwFKnuAEDY4wnOjjuji94T8ayLTd1532lrEKwo-xUeeMcV4Oxxf0q-DYo6GwYzQsoiCqathWSoId7MGHuQwI_H9-eQ1LbEkZ4eKa8m0S1rFYHvWfMg_A7jX1wy8a5AGPIuDFD96OidIbU1QxnpFNQc_tvpCbXcIfndcdKzpLQt-6fg38y4fe65stahj59CMtX3uWn3ldKdUDSr6TKnZUoByZC0RnlMjQS_CiDtBhX_2U5E4TUyUyOTWpwUF_5Lau3ITDggZ9uGxKlJjVFPDYRZAJ7MwlNKWqShz_NDTTDRiXR0Ahl7tC-DHei5owfpVVS3R-qHsUEwILqftKEr-HA4sdMAwg7635ps3Ct-UIonfp_Jq4htcdSmwz_895UQ2Qn1Rt1z31WUGHQ7wimLY-a2LjstcQoHcL72O-xtUWYCELUL1IbgNdtOmFwJ6Vn0TzckzHehV11pSd-ksQwTYAx7e1-0IQ
LeoLrAhIkcLbsO,CfDJ8FwTlysnnFlJkt_BSemLz95pnXqdZWIGYrkVmbVCFrpiviT69x1_wAXkjAAC31m2BwVq_vv75LO0eV4S39QEPeKqyXH_AdqPJqichrDWP7rUQiNZ-zSRv3w8Oyx27O_xD-nvgIid_bv7pQD3hws2OBvQm038xbvzCbJfocoKNHoDuuC7qXyTUo1jYt5MRYtCAvZATvDM9PABlx49e7BMrpvRx7yz7-G5H49LZGbyuNthxYVqlUEqB9zF18DklCxvkrdpe6Ij3qUMP9SdcIiBUz9zK6WFb9tm9O_14ypap3SYem_9MDiRZyM9BegNuRAIBLVrkql3gdBxnX8C7t8ZfjQzuVwkDmmqhJg32-UUQwP_34wUGPOrej04ZBgFoOTGb9_5GylWWlXE3QQF3Cx3vAYOiP36nrTqdkI7rObUKbWDrbN1NDbYO7UBTeAHWZPdiKs5yzB_72QAe2SJT_pxiAKufPZZBgKP5XyJ7__jmFvM4MlSPiCfUSx6bayrsOZ4ORV9wG14_KHAOtJrtBa9gyHZhBN81SJitH6e9OX9m0tbpLbtir2YzMiPaWr-g-0TNYqAY0yxiOB3ODWmtn8BR2uuSxpJVifCeciNxIS_Qb22hFbTcPjWeVpW3LCVp_Owqoe4sOchj8FsHAF4P6EN3O9SP_BMNHZsKVuDyRiZUUzffCNB6xVJPL8bB6_zgQw6MKK8Z8F4-EUr4nRDRmsV0N5vL6BvO-qp_SkF74QiViHTnVluF01wRBGdOLBKyhmEkiGnPMKfquEcf_aXMLuM2ioLA5IPHd-uSsMbYK2Cwa3dwsA3LIyg_jMiLQmIQE9pDSr-bVuLsrBmaB-3mN2GvkBAj3HHuFNGlo1Q1FyoRqOw6VOUBw9zSPBvy5seBD3DFQ
LucyPwDIHKVjNuO,CfDJ8FwTlysnnFlJkt_BSemLz95NSe9JI6aNHjQfAuEVe-izo0O1QYlzd-YRkgGx2mHLGJaaVUPrWaqIQ8kSQTZx09pkz32Y8z3UA671EvzRjdXioJSbTcpnCPNPkbvtO8iJmJQx5Dp-XLQWTAFpqSompxtAh9y-Ok7w4nXMk14sG0mQhNC59ptBEXzqpAcQUFO7yDIwzkg7nIGxDk8jlMzB01UOagH0fd-bRJbYxiinw5TwJ3DraD14a6bFOUnB5qqhjppZ5cpQ671cvck5JSox8csfcIcT_icaLeQWNICDKF2GNyxFbIY0766hGh9lAG3NR31r7Gu4n6jEwhskUHlDoH2HUOdhKl3X1lCshF0lIkL3l_5LtmeCcB-6MB6IwqSWLEj7P14R3JSq_2jNvbTtoL3amGcJw5ljYvlgEBJGS9TWGjpgbOAWgwdHgQYcWD90CKRw6dQDJlL7H16EuZFc8FyUizswIDJhuBPUdCN4ihxkdSg7aFfL1rK4BlKvCE7n0Tk-KoOVvqwnn86URvVt29XZkC-7Py1tytn0o53tLKAyLl6elzjTEBzcBEh_pAKmdrcZkFAn3b-qkgTB35WjLeJXD9RUTER-VYIbc6kPHRMs79Su57KqJtHdmzhyfHHnlyQDCI-8r9Y3bb1lsjG0iSrulJem9QbBIywh98TjqL8uQ4P-sypcVT0pXmbyrSS2nRkuxXo7Th2tE_6s7BblDqtzGZ8JjYUh4cSMjpYZW_tpoVFTRqaGdfJklh0_hlwxBtJszJqYqlhHLdPEXnTCDOrwi8Qb0sj3Wvzi5At8_zsNhpryOiYlfVFNNlf7c905X321IzNY_-6H2DjpZvQ3gj4quwJPIld6kBZtgViy2QAnwejYnsv_RPSpcusI3pZ0sw
JodieNSVuiRWqSlM,CfDJ8FwTlysnnFlJkt_BSemLz96tfz4zLvNcJ8tZvQo4S3_o0yCbuyrFqz5sKmcBOIrKM83JzZbSUx1Z3YflRQE5ozni1_5lOD0_LHb8ljH9N0mW-2hCMxwN4X8oUhojaVqy54tukCl5Ngsy1m_YzqKhIDAO52FJawZj1ZNTt_fKAIHKceCx9qdvnLM2fauxmRYjW_oZje8F_bKUTKYsVkpyfx9Mo-GDghbfstJmGYGxun5lg-Jj74g--_kgdtRlmH07ZMGU4h1rpJncv2Fokt7uP23lMALH9XFX5TUl_8HTtXSGWkPu8xqpPUjaDXLMRjizFLa19ZNYnV2FRzWxMWV3CoNBLr1EqyGg8ztTik8f46GqqVD1V_l6tK5er2YuR2yq61SQMe891rXya32XYfih1wYq_HL-mdJp3dNyoBgNWcalrPAZlqvoV-D9arnBxz3AbGz9pKxO0NJw93dyyttYvqjsY83FF2SCE0kcRkoieQX5shLmInfCwRIvxkFgg7BihDkLqX2nYm0qCAijFYt0y7vjgkOtvlh5sx8XDrC1-_EySaVb35cUusiKQt2hkkLN4d03PwpaAsz7swg7kQkFtMZN8ztfzERtURynmEeKGpa0eZocdg4gf_ulYv_E2lBoZ9wo5mSaHhcWkFNLdkxlJodyYUIWb1R_HCWvO61NZNp3BPCFYqy6lh2UxtJvZtX4gqP_o0_zJQRAIyY0i-a8wqq1m_18eOef7ewNCIIKzpHB1GCDqT6wG0Hi_2h4fiY_VvO5PIeeqpS63GJDEGwx3XhSDJfwmvFvtSoCVbXw08VFizzbWk3_456TrJj9wm2mSl5q-7LPNlD9H0jSMZBMSl6jy2PNXGxxzbNE4QRlfLEZM0VLJ7ejHN4NzNmMYEw-pg
